section_id,file_id,url,heading_markdown,local_readme_file,heading_level,code_1,code_2
1,1,https://github.com/acunote/acunote-shortcuts,# Acunote's JavaScript Keyboard Shortcuts Framework,acunote.acunote-shortcuts.md,1,0,0
2,1,https://github.com/acunote/acunote-shortcuts,## Overview,acunote.acunote-shortcuts.md,2,0,0
3,1,https://github.com/acunote/acunote-shortcuts,## Try It,acunote.acunote-shortcuts.md,2,1,1
4,1,https://github.com/acunote/acunote-shortcuts,## Features,acunote.acunote-shortcuts.md,2,0,0
5,1,https://github.com/acunote/acunote-shortcuts,## Four Simple Steps To Use Shortcuts from Pure JavaScript,acunote.acunote-shortcuts.md,2,1,1
6,1,https://github.com/acunote/acunote-shortcuts,## Four Simple Steps To Use Shortcuts from Ruby&nbsp;on&nbsp;Rails,acunote.acunote-shortcuts.md,2,1,1
7,1,https://github.com/acunote/acunote-shortcuts,"## News.YC, Reddit, Digg and Redmine Keyboard Shortcuts For Your Browser",acunote.acunote-shortcuts.md,2,0,0
8,1,https://github.com/acunote/acunote-shortcuts,### Firefox Extension,acunote.acunote-shortcuts.md,3,1,1
9,1,https://github.com/acunote/acunote-shortcuts,### Greasemonkey Script,acunote.acunote-shortcuts.md,3,1,1
10,1,https://github.com/acunote/acunote-shortcuts,## Acunote: Powered by Shortcuts,acunote.acunote-shortcuts.md,2,1,0
11,1,https://github.com/acunote/acunote-shortcuts,## Contributing,acunote.acunote-shortcuts.md,2,0,0
12,2,https://github.com/akitaonrails/ruby-on-rails-tmbundle,# TextMate bundle for Ruby on Rails development,akitaonrails.ruby-on-rails-tmbundle.md,1,1,1
13,2,https://github.com/akitaonrails/ruby-on-rails-tmbundle,## Rails 3.0 contributors,akitaonrails.ruby-on-rails-tmbundle.md,2,0,0
14,2,https://github.com/akitaonrails/ruby-on-rails-tmbundle,## Rails 2.0 features/contributors (copied from CHANGELOG),akitaonrails.ruby-on-rails-tmbundle.md,2,0,1
15,3,https://github.com/amueller/introduction_to_ml_with_python,# Introduction to Machine Learning with Python,amueller.introduction_to_ml_with_python.md,1,1,0
16,3,https://github.com/amueller/introduction_to_ml_with_python,## Errata,amueller.introduction_to_ml_with_python.md,2,1,1
17,3,https://github.com/amueller/introduction_to_ml_with_python,## Setup,amueller.introduction_to_ml_with_python.md,2,1,1
18,3,https://github.com/amueller/introduction_to_ml_with_python,### Installing packages with conda:,amueller.introduction_to_ml_with_python.md,3,1,1
19,3,https://github.com/amueller/introduction_to_ml_with_python,### Installing packages with pip,amueller.introduction_to_ml_with_python.md,3,1,1
20,3,https://github.com/amueller/introduction_to_ml_with_python,### Downloading English language model,amueller.introduction_to_ml_with_python.md,3,1,1
21,3,https://github.com/amueller/introduction_to_ml_with_python,## Submitting Errata,amueller.introduction_to_ml_with_python.md,2,1,1
22,4,https://github.com/caius/soco,# Motivation,caius.soco.md,1,0,0
23,4,https://github.com/caius/soco,# Usage,caius.soco.md,1,1,1
24,5,https://github.com/cjheath/treetop,# Support,cjheath.treetop.md,1,0,0
25,5,https://github.com/cjheath/treetop,# Tutorial,cjheath.treetop.md,1,0,1
26,5,https://github.com/cjheath/treetop,"# Parsing Expression Grammars, The Basics",cjheath.treetop.md,1,1,1
27,5,https://github.com/cjheath/treetop,## Terminal Symbols,cjheath.treetop.md,2,1,1
28,5,https://github.com/cjheath/treetop,## Ordered Choices,cjheath.treetop.md,2,0,1
29,5,https://github.com/cjheath/treetop,## Sequences,cjheath.treetop.md,2,1,1
30,5,https://github.com/cjheath/treetop,## Nonterminal Symbols,cjheath.treetop.md,2,0,1
31,5,https://github.com/cjheath/treetop,## Repetition,cjheath.treetop.md,2,1,1
32,5,https://github.com/cjheath/treetop,## Negative Lookahead,cjheath.treetop.md,2,1,1
33,5,https://github.com/cjheath/treetop,## Positive lookahead,cjheath.treetop.md,2,1,1
34,5,https://github.com/cjheath/treetop,## Semantic predicates,cjheath.treetop.md,2,1,1
35,6,https://github.com/defunkt/github-gem,# The GitHub Gem,defunkt.github-gem.md,1,1,0
36,6,https://github.com/defunkt/github-gem,## Getting started,defunkt.github-gem.md,2,1,1
37,6,https://github.com/defunkt/github-gem,## Requirements,defunkt.github-gem.md,2,1,1
38,6,https://github.com/defunkt/github-gem,## Pulling Upstream Changes,defunkt.github-gem.md,2,1,1
39,6,https://github.com/defunkt/github-gem,## Fetching and Evaluating Downstream Changes,defunkt.github-gem.md,2,1,1
40,6,https://github.com/defunkt/github-gem,## Network Patch Queue,defunkt.github-gem.md,2,1,1
41,6,https://github.com/defunkt/github-gem,## Issues,defunkt.github-gem.md,2,1,1
42,6,https://github.com/defunkt/github-gem,## Contributors,defunkt.github-gem.md,2,0,0
43,7,https://github.com/drnic/ruby-tmbundle,## Ruby TextMate bundle,drnic.ruby-tmbundle.md,2,0,0
44,7,https://github.com/drnic/ruby-tmbundle,# Installation,drnic.ruby-tmbundle.md,1,1,1
45,7,https://github.com/drnic/ruby-tmbundle,# Validate and Save,drnic.ruby-tmbundle.md,1,1,1
46,8,https://github.com/invisiblelines/kapow,# Kapow,invisiblelines.kapow.md,1,0,0
47,8,https://github.com/invisiblelines/kapow,## Installation:,invisiblelines.kapow.md,2,1,1
48,8,https://github.com/invisiblelines/kapow,## Usage:,invisiblelines.kapow.md,2,1,1
49,9,https://github.com/IoLanguage/io,# The Io Language,IoLanguage.io.md,1,0,0
50,9,https://github.com/IoLanguage/io,# Table of Contents,IoLanguage.io.md,1,0,0
51,9,https://github.com/IoLanguage/io,# What is Io?,IoLanguage.io.md,1,0,0
52,9,https://github.com/IoLanguage/io,## Example Code,IoLanguage.io.md,2,0,1
53,9,https://github.com/IoLanguage/io,## Quick Links,IoLanguage.io.md,2,0,0
54,9,https://github.com/IoLanguage/io,# Installing,IoLanguage.io.md,1,0,1
55,9,https://github.com/IoLanguage/io,## From a Package Manager,IoLanguage.io.md,2,1,1
56,9,https://github.com/IoLanguage/io,## From Source,IoLanguage.io.md,2,0,1
57,9,https://github.com/IoLanguage/io,### Linux Build Instructions,IoLanguage.io.md,3,1,1
58,9,https://github.com/IoLanguage/io,#### Note About Building Eerie,IoLanguage.io.md,4,1,1
59,9,https://github.com/IoLanguage/io,### OS X Build Instructions,IoLanguage.io.md,3,1,1
60,9,https://github.com/IoLanguage/io,### Windows Build Instructions,IoLanguage.io.md,3,1,1
61,9,https://github.com/IoLanguage/io,#### Building with MSVC,IoLanguage.io.md,4,1,1
62,9,https://github.com/IoLanguage/io,#### Building with MinGW,IoLanguage.io.md,4,1,1
63,9,https://github.com/IoLanguage/io,#### Building with MinGW-W64,IoLanguage.io.md,4,1,1
64,9,https://github.com/IoLanguage/io,#### Building with Cygwin,IoLanguage.io.md,4,1,1
65,9,https://github.com/IoLanguage/io,# Running Tests,IoLanguage.io.md,1,1,1
66,9,https://github.com/IoLanguage/io,# Installing Add-ons,IoLanguage.io.md,1,1,1
67,10,https://github.com/jashkenas/ruby-processing,### __IMPORTANT: Ruby-processing is deprecated and unsupported__ ###,jashkenas.ruby-processing.md,3,1,0
68,10,https://github.com/jashkenas/ruby-processing,## Installation,jashkenas.ruby-processing.md,2,1,1
69,10,https://github.com/jashkenas/ruby-processing,## Documentation,jashkenas.ruby-processing.md,2,0,0
70,10,https://github.com/jashkenas/ruby-processing,# Usage Example,jashkenas.ruby-processing.md,1,0,1
71,10,https://github.com/jashkenas/ruby-processing,### Supported java version,jashkenas.ruby-processing.md,3,0,1
72,10,https://github.com/jashkenas/ruby-processing,### Supported ruby version,jashkenas.ruby-processing.md,3,0,1
73,10,https://github.com/jashkenas/ruby-processing,### Supported processing version,jashkenas.ruby-processing.md,3,0,1
74,10,https://github.com/jashkenas/ruby-processing,### Ruby alternatives for processing convenience methods,jashkenas.ruby-processing.md,3,0,1
75,11,https://github.com/jdelStrother/rails,## Welcome to Rails,jdelStrother.rails.md,2,0,0
76,11,https://github.com/jdelStrother/rails,## Getting Started,jdelStrother.rails.md,2,1,1
77,11,https://github.com/jdelStrother/rails,## Contributing,jdelStrother.rails.md,2,0,0
78,11,https://github.com/jdelStrother/rails,## Code Status,jdelStrother.rails.md,2,0,0
79,11,https://github.com/jdelStrother/rails,## License,jdelStrother.rails.md,2,0,0
80,12,https://github.com/Live2D/CubismViewer,# Cubism DIY Viewer,Live2D.CubismViewer.md,1,1,0
81,12,https://github.com/Live2D/CubismViewer,## Do-it-yourself!?,Live2D.CubismViewer.md,2,0,0
82,12,https://github.com/Live2D/CubismViewer,## Design,Live2D.CubismViewer.md,2,0,0
83,12,https://github.com/Live2D/CubismViewer,## Built-in *Gem*s,Live2D.CubismViewer.md,2,0,0
84,12,https://github.com/Live2D/CubismViewer,### `CameraControls`,Live2D.CubismViewer.md,3,0,0
85,12,https://github.com/Live2D/CubismViewer,### `SimpleAnimator`,Live2D.CubismViewer.md,3,0,0
86,12,https://github.com/Live2D/CubismViewer,### `TwoColorThemer`,Live2D.CubismViewer.md,3,0,0
87,12,https://github.com/Live2D/CubismViewer,## User *Gem*s,Live2D.CubismViewer.md,2,0,0
88,12,https://github.com/Live2D/CubismViewer,## Getting Started,Live2D.CubismViewer.md,2,1,1
89,12,https://github.com/Live2D/CubismViewer,## Contributing,Live2D.CubismViewer.md,2,1,0
90,12,https://github.com/Live2D/CubismViewer,### Forking And Pull Requests,Live2D.CubismViewer.md,3,1,1
91,12,https://github.com/Live2D/CubismViewer,### Bugs,Live2D.CubismViewer.md,3,0,1
92,12,https://github.com/Live2D/CubismViewer,### Discussion Etiquette,Live2D.CubismViewer.md,3,0,0
93,12,https://github.com/Live2D/CubismViewer,## License,Live2D.CubismViewer.md,2,0,0
94,13,https://github.com/mbleigh/acts-as-taggable-on,# ActsAsTaggableOn,mbleigh.acts-as-taggable-on.md,1,1,0
95,13,https://github.com/mbleigh/acts-as-taggable-on,## Installation,mbleigh.acts-as-taggable-on.md,2,1,1
96,13,https://github.com/mbleigh/acts-as-taggable-on,#### Post Installation,mbleigh.acts-as-taggable-on.md,4,1,1
97,13,https://github.com/mbleigh/acts-as-taggable-on,#### For MySql users,mbleigh.acts-as-taggable-on.md,4,1,1
98,13,https://github.com/mbleigh/acts-as-taggable-on,## Usage,mbleigh.acts-as-taggable-on.md,2,1,1
99,13,https://github.com/mbleigh/acts-as-taggable-on,### Finding most or least used tags,mbleigh.acts-as-taggable-on.md,3,1,1
100,13,https://github.com/mbleigh/acts-as-taggable-on,### Finding Tagged Objects,mbleigh.acts-as-taggable-on.md,3,1,1
101,13,https://github.com/mbleigh/acts-as-taggable-on,### Relationships,mbleigh.acts-as-taggable-on.md,3,1,1
102,13,https://github.com/mbleigh/acts-as-taggable-on,### Dynamic Tag Contexts,mbleigh.acts-as-taggable-on.md,3,1,1
103,13,https://github.com/mbleigh/acts-as-taggable-on,### Tag Parsers,mbleigh.acts-as-taggable-on.md,3,1,1
104,13,https://github.com/mbleigh/acts-as-taggable-on,### Tag Ownership,mbleigh.acts-as-taggable-on.md,3,0,1
105,13,https://github.com/mbleigh/acts-as-taggable-on,#### Working with Owned Tags,mbleigh.acts-as-taggable-on.md,4,1,1
106,13,https://github.com/mbleigh/acts-as-taggable-on,##### Adding owned tags,mbleigh.acts-as-taggable-on.md,5,1,1
107,13,https://github.com/mbleigh/acts-as-taggable-on,##### Removing owned tags,mbleigh.acts-as-taggable-on.md,5,1,1
108,13,https://github.com/mbleigh/acts-as-taggable-on,### Dirty objects,mbleigh.acts-as-taggable-on.md,3,0,1
109,13,https://github.com/mbleigh/acts-as-taggable-on,### Tag cloud calculations,mbleigh.acts-as-taggable-on.md,3,1,1
110,13,https://github.com/mbleigh/acts-as-taggable-on,## Configuration,mbleigh.acts-as-taggable-on.md,2,1,1
111,13,https://github.com/mbleigh/acts-as-taggable-on,#### Upgrading,mbleigh.acts-as-taggable-on.md,4,0,1
112,13,https://github.com/mbleigh/acts-as-taggable-on,## Contributors,mbleigh.acts-as-taggable-on.md,2,0,0
113,13,https://github.com/mbleigh/acts-as-taggable-on,## Compatibility,mbleigh.acts-as-taggable-on.md,2,0,0
114,13,https://github.com/mbleigh/acts-as-taggable-on,## TODO,mbleigh.acts-as-taggable-on.md,2,0,0
115,13,https://github.com/mbleigh/acts-as-taggable-on,## Testing,mbleigh.acts-as-taggable-on.md,2,1,1
116,13,https://github.com/mbleigh/acts-as-taggable-on,## License,mbleigh.acts-as-taggable-on.md,2,0,0
117,14,https://github.com/medwards/free-library-on-rails,# Free Library on Rails,medwards.free-library-on-rails.md,1,0,0
118,14,https://github.com/medwards/free-library-on-rails,## Installation,medwards.free-library-on-rails.md,2,1,1
119,14,https://github.com/medwards/free-library-on-rails,## Features,medwards.free-library-on-rails.md,2,0,0
120,14,https://github.com/medwards/free-library-on-rails,### Librarians,medwards.free-library-on-rails.md,3,1,0
121,14,https://github.com/medwards/free-library-on-rails,## See also,medwards.free-library-on-rails.md,2,0,0
122,15,https://github.com/nimblemachines/muforth,# What is muforth?,nimblemachines.muforth.md,1,0,0
123,15,https://github.com/nimblemachines/muforth,# Why yet another Forth?,nimblemachines.muforth.md,1,0,0
124,15,https://github.com/nimblemachines/muforth,# Starting points,nimblemachines.muforth.md,1,1,1
125,16,https://github.com/nkallen/screw-unit,# What it is,nkallen.screw-unit.md,1,0,0
126,16,https://github.com/nkallen/screw-unit,# The Runner,nkallen.screw-unit.md,1,0,1
127,16,https://github.com/nkallen/screw-unit,# Global Befores and Afters,nkallen.screw-unit.md,1,1,1
128,16,https://github.com/nkallen/screw-unit,# Custom Matchers,nkallen.screw-unit.md,1,1,1
129,16,https://github.com/nkallen/screw-unit,# The Anatomy of Test Infrastructure,nkallen.screw-unit.md,1,0,1
130,16,https://github.com/nkallen/screw-unit,# Writing Good Tests,nkallen.screw-unit.md,1,0,1
131,16,https://github.com/nkallen/screw-unit,## Use Nested Describes to Express Context,nkallen.screw-unit.md,2,1,1
132,16,https://github.com/nkallen/screw-unit,# Test Size,nkallen.screw-unit.md,1,1,1
133,16,https://github.com/nkallen/screw-unit,## Variable Naming,nkallen.screw-unit.md,2,0,1
134,16,https://github.com/nkallen/screw-unit,## Dividing code between tests and `befores`,nkallen.screw-unit.md,2,1,1
135,16,https://github.com/nkallen/screw-unit,## Preconditions,nkallen.screw-unit.md,2,1,1
136,16,https://github.com/nkallen/screw-unit,## Behavioral Testing,nkallen.screw-unit.md,2,1,1
137,16,https://github.com/nkallen/screw-unit,# How to Test the DOM,nkallen.screw-unit.md,1,1,1
138,16,https://github.com/nkallen/screw-unit,# Implementation Details,nkallen.screw-unit.md,1,1,1
139,16,https://github.com/nkallen/screw-unit,# Extensibility,nkallen.screw-unit.md,1,1,1
140,16,https://github.com/nkallen/screw-unit,# Download,nkallen.screw-unit.md,1,1,0
141,16,https://github.com/nkallen/screw-unit,# Thanks to,nkallen.screw-unit.md,1,0,0
142,17,https://github.com/orestis/pysmell,# PySmell,orestis.pysmell.md,1,0,0
143,17,https://github.com/orestis/pysmell,## Download and Installation,orestis.pysmell.md,2,1,1
144,17,https://github.com/orestis/pysmell,## Usage,orestis.pysmell.md,2,1,1
145,17,https://github.com/orestis/pysmell,## Using external libraries,orestis.pysmell.md,2,1,1
146,17,https://github.com/orestis/pysmell,## Partial tags,orestis.pysmell.md,2,1,1
147,17,https://github.com/orestis/pysmell,## Vim,orestis.pysmell.md,2,1,1
148,17,https://github.com/orestis/pysmell,## TextMate,orestis.pysmell.md,2,1,1
149,17,https://github.com/orestis/pysmell,## Emacs,orestis.pysmell.md,2,1,1
150,17,https://github.com/orestis/pysmell,## Reporting issues,orestis.pysmell.md,2,0,1
151,18,https://github.com/pat/riddle,# Riddle,pat.riddle.md,1,0,0
152,18,https://github.com/pat/riddle,## Installation,pat.riddle.md,2,1,1
153,18,https://github.com/pat/riddle,## Usage,pat.riddle.md,2,1,1
154,18,https://github.com/pat/riddle,### Configuration,pat.riddle.md,3,1,1
155,18,https://github.com/pat/riddle,### Indexing and Starting/Stopping the Daemon,pat.riddle.md,3,1,1
156,18,https://github.com/pat/riddle,### SphinxQL Queries,pat.riddle.md,3,0,1
157,18,https://github.com/pat/riddle,### Binary Protocol Searching,pat.riddle.md,3,1,1
158,18,https://github.com/pat/riddle,## Contributing,pat.riddle.md,2,1,0
159,18,https://github.com/pat/riddle,## Contributors,pat.riddle.md,2,0,0
160,19,https://github.com/purcell/dotr,# DotR,purcell.dotr.md,1,0,0
161,19,https://github.com/purcell/dotr,## Example,purcell.dotr.md,2,0,1
162,19,https://github.com/purcell/dotr,## Resources,purcell.dotr.md,2,0,0
163,19,https://github.com/purcell/dotr,## Copyright,purcell.dotr.md,2,0,0
164,19,https://github.com/purcell/dotr,## Licence,purcell.dotr.md,2,0,0
165,20,https://github.com/slotty/xpwn,## Welcome to XPwn!,slotty.xpwn.md,2,0,0
166,20,https://github.com/slotty/xpwn,## What XPwn is,slotty.xpwn.md,2,0,0
167,20,https://github.com/slotty/xpwn,## What XPwn is *NOT*,slotty.xpwn.md,2,0,0
168,20,https://github.com/slotty/xpwn,## Credits,slotty.xpwn.md,2,0,0
169,20,https://github.com/slotty/xpwn,## Usage,slotty.xpwn.md,2,1,1
170,20,https://github.com/slotty/xpwn,## Overview,slotty.xpwn.md,2,1,1
171,20,https://github.com/slotty/xpwn,## ipsw,slotty.xpwn.md,2,1,1
172,20,https://github.com/slotty/xpwn,## itunespwn,slotty.xpwn.md,2,1,1
173,20,https://github.com/slotty/xpwn,## idevice,slotty.xpwn.md,2,1,1
174,20,https://github.com/slotty/xpwn,## dfu-util (Not recommended on Windows),slotty.xpwn.md,2,1,1
175,20,https://github.com/slotty/xpwn,## xpwn *(DEPRECATED)*,slotty.xpwn.md,2,1,1
176,20,https://github.com/slotty/xpwn,### Examples,slotty.xpwn.md,3,1,1
177,20,https://github.com/slotty/xpwn,## Technical notes,slotty.xpwn.md,2,1,1
178,20,https://github.com/slotty/xpwn,## Libraries used,slotty.xpwn.md,2,0,0
179,20,https://github.com/slotty/xpwn,## Linux Notes:,slotty.xpwn.md,2,0,1
180,21,https://github.com/spree/spree,# Spree Commerce,spree.spree.md,1,0,0
181,21,https://github.com/spree/spree,## Demo,spree.spree.md,2,1,1
182,21,https://github.com/spree/spree,## Installation,spree.spree.md,2,1,1
183,21,https://github.com/spree/spree,### Create new Rails app (optional),spree.spree.md,3,1,1
184,21,https://github.com/spree/spree,### Add Spree gems to your `Gemfile`,spree.spree.md,3,1,1
185,21,https://github.com/spree/spree,#### Rails 6.0,spree.spree.md,4,1,1
186,21,https://github.com/spree/spree,#### Rails 5.2,spree.spree.md,4,1,1
187,21,https://github.com/spree/spree,### Install gems,spree.spree.md,3,1,1
188,21,https://github.com/spree/spree,### Use the install generators to set up Spree,spree.spree.md,3,1,1
189,21,https://github.com/spree/spree,## Installation options,spree.spree.md,2,1,1
190,21,https://github.com/spree/spree,### Headless installation,spree.spree.md,3,1,1
191,21,https://github.com/spree/spree,## Run rails sever,spree.spree.md,2,1,1
192,21,https://github.com/spree/spree,## Browse Storefront,spree.spree.md,2,1,1
193,21,https://github.com/spree/spree,## Browse Admin Panel,spree.spree.md,2,1,1
194,21,https://github.com/spree/spree,## Extensions,spree.spree.md,2,0,0
195,21,https://github.com/spree/spree,## Developing Spree,spree.spree.md,2,0,0
196,21,https://github.com/spree/spree,## Contributing,spree.spree.md,2,0,0
197,21,https://github.com/spree/spree,## License,spree.spree.md,2,0,0
198,21,https://github.com/spree/spree,## About Spark Solutions,spree.spree.md,2,0,0
199,22,https://github.com/svenfuchs/routing-filter,# Routing Filter,svenfuchs.routing-filter.md,1,0,0
200,22,https://github.com/svenfuchs/routing-filter,## Requirements,svenfuchs.routing-filter.md,2,1,1
201,22,https://github.com/svenfuchs/routing-filter,## Installation,svenfuchs.routing-filter.md,2,1,1
202,22,https://github.com/svenfuchs/routing-filter,## Usage,svenfuchs.routing-filter.md,2,1,1
203,22,https://github.com/svenfuchs/routing-filter,### Testing,svenfuchs.routing-filter.md,3,1,1
204,22,https://github.com/svenfuchs/routing-filter,## Running the tests,svenfuchs.routing-filter.md,2,1,1
205,22,https://github.com/svenfuchs/routing-filter,## Filter order,svenfuchs.routing-filter.md,2,1,1
206,22,https://github.com/svenfuchs/routing-filter,## Implementing your own filters,svenfuchs.routing-filter.md,2,1,1
207,22,https://github.com/svenfuchs/routing-filter,## Rationale: Two example usecases,svenfuchs.routing-filter.md,2,1,1
208,22,https://github.com/svenfuchs/routing-filter,### Conditionally prepending the locale,svenfuchs.routing-filter.md,3,1,1
209,22,https://github.com/svenfuchs/routing-filter,### Expanding /sections/:id to nested tree segments,svenfuchs.routing-filter.md,3,1,1
210,22,https://github.com/svenfuchs/routing-filter,## Solution,svenfuchs.routing-filter.md,2,0,0
211,22,https://github.com/svenfuchs/routing-filter,## Etc,svenfuchs.routing-filter.md,2,0,0
212,23,https://github.com/TechnoTony/insoshi,# Insoshi social software,TechnoTony.insoshi.md,1,0,0
213,23,https://github.com/TechnoTony/insoshi,## Get Git,TechnoTony.insoshi.md,2,1,1
214,23,https://github.com/TechnoTony/insoshi,## Install libraries and gems,TechnoTony.insoshi.md,2,1,0
215,23,https://github.com/TechnoTony/insoshi,### Libraries,TechnoTony.insoshi.md,3,1,1
216,23,https://github.com/TechnoTony/insoshi,### Gems,TechnoTony.insoshi.md,3,1,1
217,23,https://github.com/TechnoTony/insoshi,## Installing the app,TechnoTony.insoshi.md,2,1,1
218,23,https://github.com/TechnoTony/insoshi,### Git steps,TechnoTony.insoshi.md,3,1,1
219,23,https://github.com/TechnoTony/insoshi,### Config files and tests,TechnoTony.insoshi.md,3,1,1
220,23,https://github.com/TechnoTony/insoshi,### Loading sample data,TechnoTony.insoshi.md,3,1,1
221,23,https://github.com/TechnoTony/insoshi,### Admin user,TechnoTony.insoshi.md,3,1,1
222,23,https://github.com/TechnoTony/insoshi,### Start hacking,TechnoTony.insoshi.md,3,1,1
223,23,https://github.com/TechnoTony/insoshi,## Stat tracker,TechnoTony.insoshi.md,2,1,1
224,23,https://github.com/TechnoTony/insoshi,## License,TechnoTony.insoshi.md,2,0,0
225,24,https://github.com/vegantech/sims,"# SIMS- Student Intervention Monitoring System<a name=""top""></a>",vegantech.sims.md,1,0,0
226,24,https://github.com/vegantech/sims,### Track Student Interventions. ###,vegantech.sims.md,3,0,0
227,24,https://github.com/vegantech/sims,## Prerequisites ##,vegantech.sims.md,2,1,1
228,24,https://github.com/vegantech/sims,## Installation ##,vegantech.sims.md,2,1,1
229,24,https://github.com/vegantech/sims,## Production Deployment ##,vegantech.sims.md,2,1,1
230,24,https://github.com/vegantech/sims,## Deploying ##,vegantech.sims.md,2,1,1
231,25,https://github.com/wesm/pydata-book,"# Python for Data Analysis, 2nd Edition",wesm.pydata-book.md,1,0,0
232,25,https://github.com/wesm/pydata-book,# 1st Edition Readers,wesm.pydata-book.md,1,0,0
233,25,https://github.com/wesm/pydata-book,# Translations,wesm.pydata-book.md,1,0,0
234,25,https://github.com/wesm/pydata-book,## IPython Notebooks:,wesm.pydata-book.md,2,0,0
235,25,https://github.com/wesm/pydata-book,## License,wesm.pydata-book.md,2,0,0
236,25,https://github.com/wesm/pydata-book,### Code,wesm.pydata-book.md,3,0,0
237,26,https://github.com/ymendel/flac2mp3,# flac2mp3,ymendel.flac2mp3.md,1,0,0
238,26,https://github.com/ymendel/flac2mp3,## Description,ymendel.flac2mp3.md,2,1,0
239,26,https://github.com/ymendel/flac2mp3,## Features/Problems,ymendel.flac2mp3.md,2,1,1
240,26,https://github.com/ymendel/flac2mp3,## Synopsis,ymendel.flac2mp3.md,2,1,1
241,26,https://github.com/ymendel/flac2mp3,## Requirements,ymendel.flac2mp3.md,2,1,1
242,26,https://github.com/ymendel/flac2mp3,## Install,ymendel.flac2mp3.md,2,1,1
243,26,https://github.com/ymendel/flac2mp3,## Thanks,ymendel.flac2mp3.md,2,0,0
244,27,# jQuery QT Controller 0.9.1,https://github.com/adamstac/jquery-qt-controller,adamstac.jquery-qt-controller.md,1,0,1
245,27,## Function,https://github.com/adamstac/jquery-qt-controller,adamstac.jquery-qt-controller.md,2,0,1
246,27,## Compatibility,https://github.com/adamstac/jquery-qt-controller,adamstac.jquery-qt-controller.md,2,0,1
247,27,## Licensing,https://github.com/adamstac/jquery-qt-controller,adamstac.jquery-qt-controller.md,2,0,0
248,28,# PythonStdioGames,https://github.com/asweigart/PythonStdioGames,asweigart.PythonStdioGames.md,1,1,1
249,28,"# I Just Found This Web Page, How Do I Play These Games?",https://github.com/asweigart/PythonStdioGames,asweigart.PythonStdioGames.md,1,0,1
250,28,# About this Collection,https://github.com/asweigart/PythonStdioGames,asweigart.PythonStdioGames.md,1,0,0
251,28,# Additional Guidelines,https://github.com/asweigart/PythonStdioGames,asweigart.PythonStdioGames.md,1,0,1
252,28,# Completed Programs in This Collection,https://github.com/asweigart/PythonStdioGames,asweigart.PythonStdioGames.md,1,0,0
253,29,# Table of Contents,https://github.com/AwesomesauceLabs/piglet-viewer,AwesomesauceLabs.piglet-viewer.md,1,0,0
254,29,# Description,https://github.com/AwesomesauceLabs/piglet-viewer,AwesomesauceLabs.piglet-viewer.md,1,0,0
255,29,# Live Demo,https://github.com/AwesomesauceLabs/piglet-viewer,AwesomesauceLabs.piglet-viewer.md,1,0,1
256,29,# Build Instructions,https://github.com/AwesomesauceLabs/piglet-viewer,AwesomesauceLabs.piglet-viewer.md,1,0,1
257,29,## Unity Project Setup,https://github.com/AwesomesauceLabs/piglet-viewer,AwesomesauceLabs.piglet-viewer.md,2,1,1
258,29,## Android Build Instructions,https://github.com/AwesomesauceLabs/piglet-viewer,AwesomesauceLabs.piglet-viewer.md,2,1,1
259,29,## WebGL Build Instructions,https://github.com/AwesomesauceLabs/piglet-viewer,AwesomesauceLabs.piglet-viewer.md,2,1,1
260,29,## Windows Build Instructions,https://github.com/AwesomesauceLabs/piglet-viewer,AwesomesauceLabs.piglet-viewer.md,2,1,1
261,29,## Navigating the Source Code,https://github.com/AwesomesauceLabs/piglet-viewer,AwesomesauceLabs.piglet-viewer.md,2,1,0
262,29,# Licenses and Attributions,https://github.com/AwesomesauceLabs/piglet-viewer,AwesomesauceLabs.piglet-viewer.md,1,0,0
263,29,# Footnotes,https://github.com/AwesomesauceLabs/piglet-viewer,AwesomesauceLabs.piglet-viewer.md,1,0,0
264,30,# [qTip<sup>2</sup>](http://craigsworks.com/projects/qtip2/) - Pretty powerful tooltips,https://github.com/bio/qTip2,bio.qTip2.md,1,0,0
265,30,## Browser support,https://github.com/bio/qTip2,bio.qTip2.md,2,0,1
266,30,## Getting qTip<sup>2</sup>,https://github.com/bio/qTip2,bio.qTip2.md,2,0,1
267,30,### Stable releases,https://github.com/bio/qTip2,bio.qTip2.md,3,1,1
268,30,### Bleeding edge,https://github.com/bio/qTip2,bio.qTip2.md,3,1,1
269,30,### Custom builds,https://github.com/bio/qTip2,bio.qTip2.md,3,1,1
270,30,## Installation,https://github.com/bio/qTip2,bio.qTip2.md,2,1,1
271,30,## Questions or problems?,https://github.com/bio/qTip2,bio.qTip2.md,2,0,0
272,30,## Special thanks,https://github.com/bio/qTip2,bio.qTip2.md,2,0,0
273,31,#### Please read [`contributing guidelines`](./contributing.md) before submitting new resources.,https://github.com/bradtraversy/design-resources-for-developers,bradtraversy.design-resources-for-developers.md,4,0,0
274,31,## Table of Contents,https://github.com/bradtraversy/design-resources-for-developers,bradtraversy.design-resources-for-developers.md,2,0,0
275,31,## UI Graphics,https://github.com/bradtraversy/design-resources-for-developers,bradtraversy.design-resources-for-developers.md,2,0,0
276,31,## Fonts,https://github.com/bradtraversy/design-resources-for-developers,bradtraversy.design-resources-for-developers.md,2,0,0
277,31,## Colors,https://github.com/bradtraversy/design-resources-for-developers,bradtraversy.design-resources-for-developers.md,2,0,0
278,31,## Icons,https://github.com/bradtraversy/design-resources-for-developers,bradtraversy.design-resources-for-developers.md,2,0,0
279,31,## Logos,https://github.com/bradtraversy/design-resources-for-developers,bradtraversy.design-resources-for-developers.md,2,0,0
280,31,## Favicons,https://github.com/bradtraversy/design-resources-for-developers,bradtraversy.design-resources-for-developers.md,2,0,0
281,31,## Icon Fonts,https://github.com/bradtraversy/design-resources-for-developers,bradtraversy.design-resources-for-developers.md,2,0,0
282,31,## Stock Photos,https://github.com/bradtraversy/design-resources-for-developers,bradtraversy.design-resources-for-developers.md,2,0,0
283,31,## Stock Videos,https://github.com/bradtraversy/design-resources-for-developers,bradtraversy.design-resources-for-developers.md,2,0,0
284,31,## Stock Music & Sound Effects,https://github.com/bradtraversy/design-resources-for-developers,bradtraversy.design-resources-for-developers.md,2,0,0
285,31,## Vectors & Clip Art,https://github.com/bradtraversy/design-resources-for-developers,bradtraversy.design-resources-for-developers.md,2,0,0
286,31,## Product & Image Mockups,https://github.com/bradtraversy/design-resources-for-developers,bradtraversy.design-resources-for-developers.md,2,0,0
287,31,## HTML & CSS Templates,https://github.com/bradtraversy/design-resources-for-developers,bradtraversy.design-resources-for-developers.md,2,0,0
288,31,## CSS Frameworks,https://github.com/bradtraversy/design-resources-for-developers,bradtraversy.design-resources-for-developers.md,2,0,0
289,31,## CSS Methodologies,https://github.com/bradtraversy/design-resources-for-developers,bradtraversy.design-resources-for-developers.md,2,0,0
290,31,## CSS Animations,https://github.com/bradtraversy/design-resources-for-developers,bradtraversy.design-resources-for-developers.md,2,0,0
291,31,## Javascript Animation Libraries,https://github.com/bradtraversy/design-resources-for-developers,bradtraversy.design-resources-for-developers.md,2,0,0
292,31,## UI Components & Kits,https://github.com/bradtraversy/design-resources-for-developers,bradtraversy.design-resources-for-developers.md,2,0,0
293,31,## React UI,https://github.com/bradtraversy/design-resources-for-developers,bradtraversy.design-resources-for-developers.md,2,0,0
294,31,## Vue UI,https://github.com/bradtraversy/design-resources-for-developers,bradtraversy.design-resources-for-developers.md,2,0,0
295,31,## Angular UI,https://github.com/bradtraversy/design-resources-for-developers,bradtraversy.design-resources-for-developers.md,2,0,0
296,31,## Svelte UI,https://github.com/bradtraversy/design-resources-for-developers,bradtraversy.design-resources-for-developers.md,2,0,0
297,31,## Design Systems & Style Guides,https://github.com/bradtraversy/design-resources-for-developers,bradtraversy.design-resources-for-developers.md,2,0,0
298,31,## Online Design Tools,https://github.com/bradtraversy/design-resources-for-developers,bradtraversy.design-resources-for-developers.md,2,0,0
299,31,## Downloadable Design Software,https://github.com/bradtraversy/design-resources-for-developers,bradtraversy.design-resources-for-developers.md,2,0,0
300,31,## Design Inspiration,https://github.com/bradtraversy/design-resources-for-developers,bradtraversy.design-resources-for-developers.md,2,0,0
301,31,## Image Compression,https://github.com/bradtraversy/design-resources-for-developers,bradtraversy.design-resources-for-developers.md,2,0,0
302,31,## Chrome Extensions,https://github.com/bradtraversy/design-resources-for-developers,bradtraversy.design-resources-for-developers.md,2,0,0
303,31,## Others,https://github.com/bradtraversy/design-resources-for-developers,bradtraversy.design-resources-for-developers.md,2,0,0
304,32,# [jQuery](http://jquery.com/) - New Wave JavaScript,https://github.com/ChoCheolKi/jquery,ChoCheolKi.jquery.md,1,0,0
305,32,## Contribution Guides,https://github.com/ChoCheolKi/jquery,ChoCheolKi.jquery.md,2,0,0
306,32,## Environments in which to use jQuery,https://github.com/ChoCheolKi/jquery,ChoCheolKi.jquery.md,2,1,1
307,32,## What you need to build your own jQuery,https://github.com/ChoCheolKi/jquery,ChoCheolKi.jquery.md,2,1,1
308,32,## How to build your own jQuery,https://github.com/ChoCheolKi/jquery,ChoCheolKi.jquery.md,2,1,1
309,32,### Modules,https://github.com/ChoCheolKi/jquery,ChoCheolKi.jquery.md,3,0,1
310,32,##### AMD name,https://github.com/ChoCheolKi/jquery,ChoCheolKi.jquery.md,5,1,1
311,32,#### Custom Build Examples,https://github.com/ChoCheolKi/jquery,ChoCheolKi.jquery.md,4,1,1
312,32,## Running the Unit Tests,https://github.com/ChoCheolKi/jquery,ChoCheolKi.jquery.md,2,1,1
313,32,## Building to a different directory,https://github.com/ChoCheolKi/jquery,ChoCheolKi.jquery.md,2,1,1
314,32,## Essential Git,https://github.com/ChoCheolKi/jquery,ChoCheolKi.jquery.md,2,1,1
315,32,### Cleaning ###,https://github.com/ChoCheolKi/jquery,ChoCheolKi.jquery.md,3,1,1
316,32,### Rebasing ###,https://github.com/ChoCheolKi/jquery,ChoCheolKi.jquery.md,3,1,1
317,32,### Handling merge conflicts ###,https://github.com/ChoCheolKi/jquery,ChoCheolKi.jquery.md,3,1,1
318,32,## [QUnit](http://api.qunitjs.com) Reference,https://github.com/ChoCheolKi/jquery,ChoCheolKi.jquery.md,2,0,1
319,32,### Test methods ###,https://github.com/ChoCheolKi/jquery,ChoCheolKi.jquery.md,3,0,1
320,32,### Test assertions ###,https://github.com/ChoCheolKi/jquery,ChoCheolKi.jquery.md,3,0,1
321,32,## Test Suite Convenience Methods Reference (See [test/data/testinit.js](https://github.com/jquery/jquery/blob/master/test/data/testinit.js)),https://github.com/ChoCheolKi/jquery,ChoCheolKi.jquery.md,2,0,1
322,32,### Returns an array of elements with the given IDs ###,https://github.com/ChoCheolKi/jquery,ChoCheolKi.jquery.md,3,0,1
323,32,### Asserts that a selection matches the given IDs ###,https://github.com/ChoCheolKi/jquery,ChoCheolKi.jquery.md,3,0,1
324,32,### Fires a native DOM event without going through jQuery ###,https://github.com/ChoCheolKi/jquery,ChoCheolKi.jquery.md,3,0,1
325,32,### Add random number to url to stop caching ###,https://github.com/ChoCheolKi/jquery,ChoCheolKi.jquery.md,3,0,1
326,32,### Load tests in an iframe ###,https://github.com/ChoCheolKi/jquery,ChoCheolKi.jquery.md,3,1,1
327,32,### Load tests in an iframe (window.iframeCallback) ###,https://github.com/ChoCheolKi/jquery,ChoCheolKi.jquery.md,3,1,1
328,32,## Questions?,https://github.com/ChoCheolKi/jquery,ChoCheolKi.jquery.md,2,0,0
329,33,## Loon Game Engine (Java Game Framework),https://github.com/cping/LGame,cping.LGame.md,2,0,0
330,33,## Loon,https://github.com/cping/LGame,cping.LGame.md,2,0,0
331,33,## Features,https://github.com/cping/LGame,cping.LGame.md,2,0,0
332,33,### Games Code Samples,https://github.com/cping/LGame,cping.LGame.md,3,0,0
333,33,### Game Run the Example(JavaSE),https://github.com/cping/LGame,cping.LGame.md,3,0,1
334,33,### Create a LGame project,https://github.com/cping/LGame,cping.LGame.md,3,0,1
335,33,#### 关于LGame,https://github.com/cping/LGame,cping.LGame.md,4,0,0
336,34,# Voodoo 2D,https://github.com/CremBluRay/voodoo2d,CremBluRay.voodoo2d.md,1,0,0
337,34,## Main Features,https://github.com/CremBluRay/voodoo2d,CremBluRay.voodoo2d.md,2,0,0
338,34,##### INPUT,https://github.com/CremBluRay/voodoo2d,CremBluRay.voodoo2d.md,5,0,1
339,34,##### COLLISION,https://github.com/CremBluRay/voodoo2d,CremBluRay.voodoo2d.md,5,0,1
340,34,### Maven Dependency,https://github.com/CremBluRay/voodoo2d,CremBluRay.voodoo2d.md,3,0,1
341,34,### CONTRIBUTING,https://github.com/CremBluRay/voodoo2d,CremBluRay.voodoo2d.md,3,0,0
342,34,### TROUBLESHOOTING,https://github.com/CremBluRay/voodoo2d,CremBluRay.voodoo2d.md,3,1,1
343,34,### Current Version,https://github.com/CremBluRay/voodoo2d,CremBluRay.voodoo2d.md,3,0,0
344,34,### Areas for improvements / involvement,https://github.com/CremBluRay/voodoo2d,CremBluRay.voodoo2d.md,3,0,0
345,35,# Create Social Network ![npm](https://img.shields.io/npm/dm/create-social-network) ![PRs Welcome](https://img.shields.io/badge/PRs-welcome-green.svg),https://github.com/DimiMikadze/create-social-network,DimiMikadze.create-social-network.md,1,0,0
346,35,## Features,https://github.com/DimiMikadze/create-social-network,DimiMikadze.create-social-network.md,2,0,0
347,35,## Demo,https://github.com/DimiMikadze/create-social-network,DimiMikadze.create-social-network.md,2,0,0
348,35,## Screenshots of the app,https://github.com/DimiMikadze/create-social-network,DimiMikadze.create-social-network.md,2,0,0
349,35,## Quick Installation,https://github.com/DimiMikadze/create-social-network,DimiMikadze.create-social-network.md,2,1,1
350,35,## Requirements and Configuration,https://github.com/DimiMikadze/create-social-network,DimiMikadze.create-social-network.md,2,1,1
351,35,### Replacing Mongo URL,https://github.com/DimiMikadze/create-social-network,DimiMikadze.create-social-network.md,3,1,1
352,35,### Replacing Cloudinary API Key,https://github.com/DimiMikadze/create-social-network,DimiMikadze.create-social-network.md,3,1,1
353,35,### Mail Provider,https://github.com/DimiMikadze/create-social-network,DimiMikadze.create-social-network.md,3,1,1
354,35,## Creating an App,https://github.com/DimiMikadze/create-social-network,DimiMikadze.create-social-network.md,2,1,1
355,35,### npx,https://github.com/DimiMikadze/create-social-network,DimiMikadze.create-social-network.md,3,0,1
356,35,### npm,https://github.com/DimiMikadze/create-social-network,DimiMikadze.create-social-network.md,3,0,1
357,35,### Yarn,https://github.com/DimiMikadze/create-social-network,DimiMikadze.create-social-network.md,3,1,1
358,35,## Deployment,https://github.com/DimiMikadze/create-social-network,DimiMikadze.create-social-network.md,2,0,0
359,35,## Contributing,https://github.com/DimiMikadze/create-social-network,DimiMikadze.create-social-network.md,2,0,0
360,35,## License,https://github.com/DimiMikadze/create-social-network,DimiMikadze.create-social-network.md,2,0,0
361,36,# Flutter plugins,https://github.com/flutter/plugins,flutter.plugins.md,1,0,0
362,36,## Issues,https://github.com/flutter/plugins,flutter.plugins.md,2,0,0
363,36,## Contributing,https://github.com/flutter/plugins,flutter.plugins.md,2,0,0
364,36,## Plugins,https://github.com/flutter/plugins,flutter.plugins.md,2,0,0
365,37,## The new structure of OpenRTB 3.0,https://github.com/InteractiveAdvertisingBureau/openrtb3-converter,InteractiveAdvertisingBureau.openrtb3-converter.md,2,0,0
366,37,## Problem:,https://github.com/InteractiveAdvertisingBureau/openrtb3-converter,InteractiveAdvertisingBureau.openrtb3-converter.md,2,0,0
367,37,## Solution: the Library,https://github.com/InteractiveAdvertisingBureau/openrtb3-converter,InteractiveAdvertisingBureau.openrtb3-converter.md,2,1,0
368,37,## How is the conversion done?,https://github.com/InteractiveAdvertisingBureau/openrtb3-converter,InteractiveAdvertisingBureau.openrtb3-converter.md,2,1,0
369,37,## Specification versions supported,https://github.com/InteractiveAdvertisingBureau/openrtb3-converter,InteractiveAdvertisingBureau.openrtb3-converter.md,2,0,0
370,37,## Documentation,https://github.com/InteractiveAdvertisingBureau/openrtb3-converter,InteractiveAdvertisingBureau.openrtb3-converter.md,2,0,0
371,26,# POGOProtos,https://github.com/langerhans/POGOProtos,langerhans.POGOProtos.md,1,1,0
372,26,# Usage,https://github.com/langerhans/POGOProtos,langerhans.POGOProtos.md,1,0,0
373,26,## Preparation,https://github.com/langerhans/POGOProtos,langerhans.POGOProtos.md,2,0,1
374,26,### Windows,https://github.com/langerhans/POGOProtos,langerhans.POGOProtos.md,3,1,1
375,26,### *nix,https://github.com/langerhans/POGOProtos,langerhans.POGOProtos.md,3,1,1
376,39,### OS X,https://github.com/langerhans/POGOProtos,langerhans.POGOProtos.md,3,1,1
377,39,## Compilation,https://github.com/langerhans/POGOProtos,langerhans.POGOProtos.md,2,1,1
378,39,### Single file compilation (Recommended),https://github.com/langerhans/POGOProtos,langerhans.POGOProtos.md,3,0,1
379,39,#### Command,https://github.com/langerhans/POGOProtos,langerhans.POGOProtos.md,4,1,1
380,39,#### Flags,https://github.com/langerhans/POGOProtos,langerhans.POGOProtos.md,4,0,1
381,39,##### Go,https://github.com/langerhans/POGOProtos,langerhans.POGOProtos.md,5,0,1
382,39,### Recursive compilation,https://github.com/langerhans/POGOProtos,langerhans.POGOProtos.md,3,0,1
383,39,#### Command,https://github.com/langerhans/POGOProtos,langerhans.POGOProtos.md,4,1,1
384,39,#### Flags,https://github.com/langerhans/POGOProtos,langerhans.POGOProtos.md,4,0,1
385,39,### Extra information,https://github.com/langerhans/POGOProtos,langerhans.POGOProtos.md,3,0,0
386,39,# Libraries,https://github.com/langerhans/POGOProtos,langerhans.POGOProtos.md,1,0,0
387,39,# PyGeth,https://github.com/miohtama/py-geth,miohtama.py-geth.md,1,0,0
388,39,# Dependency,https://github.com/miohtama/py-geth,miohtama.py-geth.md,1,0,1
389,39,# Quickstart,https://github.com/miohtama/py-geth,miohtama.py-geth.md,1,1,1
390,39,# Aboutn `DevGethProcess`,https://github.com/miohtama/py-geth,miohtama.py-geth.md,1,0,1
391,39,# Gotchas,https://github.com/miohtama/py-geth,miohtama.py-geth.md,1,1,1
392,40,# Learning Python Artificial Intelligence by Example [Video],https://github.com/PacktPublishing/Learning-Python-Artificial-Intelligence-by-Example,PacktPublishing.Learning-Python-Artificial-Intelligence-by-Example.md,1,0,0
393,40,## About the Video Course,https://github.com/PacktPublishing/Learning-Python-Artificial-Intelligence-by-Example,PacktPublishing.Learning-Python-Artificial-Intelligence-by-Example.md,2,0,0
394,40,## Instructions and Navigation,https://github.com/PacktPublishing/Learning-Python-Artificial-Intelligence-by-Example,PacktPublishing.Learning-Python-Artificial-Intelligence-by-Example.md,2,0,0
395,40,### Assumed Knowledge,https://github.com/PacktPublishing/Learning-Python-Artificial-Intelligence-by-Example,PacktPublishing.Learning-Python-Artificial-Intelligence-by-Example.md,3,0,1
396,40,### Technical Requirements,https://github.com/PacktPublishing/Learning-Python-Artificial-Intelligence-by-Example,PacktPublishing.Learning-Python-Artificial-Intelligence-by-Example.md,3,0,1
397,40,### The following main libraries are required:,https://github.com/PacktPublishing/Learning-Python-Artificial-Intelligence-by-Example,PacktPublishing.Learning-Python-Artificial-Intelligence-by-Example.md,3,0,1
398,40,### Mac OSX:,https://github.com/PacktPublishing/Learning-Python-Artificial-Intelligence-by-Example,PacktPublishing.Learning-Python-Artificial-Intelligence-by-Example.md,3,0,1
399,40,### Windows:,https://github.com/PacktPublishing/Learning-Python-Artificial-Intelligence-by-Example,PacktPublishing.Learning-Python-Artificial-Intelligence-by-Example.md,3,0,1
400,40,### Google Cloud:,https://github.com/PacktPublishing/Learning-Python-Artificial-Intelligence-by-Example,PacktPublishing.Learning-Python-Artificial-Intelligence-by-Example.md,3,0,1
401,40,### NOTE: The course relies heavily on Jupyter Notebooks so it is essential that you have access to a browser to view and run these.,https://github.com/PacktPublishing/Learning-Python-Artificial-Intelligence-by-Example,PacktPublishing.Learning-Python-Artificial-Intelligence-by-Example.md,3,0,1
402,40,### OTHER INFORMATION,https://github.com/PacktPublishing/Learning-Python-Artificial-Intelligence-by-Example,PacktPublishing.Learning-Python-Artificial-Intelligence-by-Example.md,3,0,1
403,40,## Related Products,https://github.com/PacktPublishing/Learning-Python-Artificial-Intelligence-by-Example,PacktPublishing.Learning-Python-Artificial-Intelligence-by-Example.md,2,0,0
404,41,# Library Management System,https://github.com/prabhakar267/library-management-system,prabhakar267.library-management-system.md,1,0,0
405,41,## Development,https://github.com/prabhakar267/library-management-system,prabhakar267.library-management-system.md,2,1,0
406,41,## Contribute,https://github.com/prabhakar267/library-management-system,prabhakar267.library-management-system.md,2,0,0
407,41,## Setup,https://github.com/prabhakar267/library-management-system,prabhakar267.library-management-system.md,2,1,1
408,41,### Prerequisite: Install MySQL (for Linux),https://github.com/prabhakar267/library-management-system,prabhakar267.library-management-system.md,3,1,1
409,41,### Unix / Linux / Mac Setup,https://github.com/prabhakar267/library-management-system,prabhakar267.library-management-system.md,3,1,1
410,41,### Windows Setup,https://github.com/prabhakar267/library-management-system,prabhakar267.library-management-system.md,3,1,1
411,41,## Features,https://github.com/prabhakar267/library-management-system,prabhakar267.library-management-system.md,2,0,0
412,42,# RepairThemAll Experiment,https://github.com/program-repair/RepairThemAll_experiment,program-repair.RepairThemAll_experiment.md,1,0,0
413,42,## Repository Structure,https://github.com/program-repair/RepairThemAll_experiment,program-repair.RepairThemAll_experiment.md,2,0,0
414,42,## Patched Bugs,https://github.com/program-repair/RepairThemAll_experiment,program-repair.RepairThemAll_experiment.md,2,0,0
415,42,## Chi-square Test of independence,https://github.com/program-repair/RepairThemAll_experiment,program-repair.RepairThemAll_experiment.md,2,0,0
416,43,## Accurate geometric camera calibration ##,https://github.com/puzzlepaint/camera_calibration,puzzlepaint.camera_calibration.md,2,0,0
417,43,## Overview ##,https://github.com/puzzlepaint/camera_calibration,puzzlepaint.camera_calibration.md,2,1,0
418,43,## About ##,https://github.com/puzzlepaint/camera_calibration,puzzlepaint.camera_calibration.md,2,0,0
419,43,## Building ##,https://github.com/puzzlepaint/camera_calibration,puzzlepaint.camera_calibration.md,2,1,1
420,43,## How to use ##,https://github.com/puzzlepaint/camera_calibration,puzzlepaint.camera_calibration.md,2,1,1
421,43,### Obtaining a calibration pattern ###,https://github.com/puzzlepaint/camera_calibration,puzzlepaint.camera_calibration.md,3,1,1
422,43,### Calibrating a camera with live input ###,https://github.com/puzzlepaint/camera_calibration,puzzlepaint.camera_calibration.md,3,1,1
423,43,### Calibrating a camera from images in a folder ###,https://github.com/puzzlepaint/camera_calibration,puzzlepaint.camera_calibration.md,3,1,1
424,43,#### Feature extraction ####,https://github.com/puzzlepaint/camera_calibration,puzzlepaint.camera_calibration.md,4,1,1
425,43,#### Camera calibration ####,https://github.com/puzzlepaint/camera_calibration,puzzlepaint.camera_calibration.md,4,1,1
426,43,#### Refining existing calibrations ####,https://github.com/puzzlepaint/camera_calibration,puzzlepaint.camera_calibration.md,4,1,1
427,43,#### Handling large datasets and many variables ####,https://github.com/puzzlepaint/camera_calibration,puzzlepaint.camera_calibration.md,4,1,1
428,43,### Calibrating a stereo camera and computing depth images ###,https://github.com/puzzlepaint/camera_calibration,puzzlepaint.camera_calibration.md,3,1,1
429,43,### Which camera model to choose? ###,https://github.com/puzzlepaint/camera_calibration,puzzlepaint.camera_calibration.md,3,1,1
430,43,### How to obtain and verify good calibration results ###,https://github.com/puzzlepaint/camera_calibration,puzzlepaint.camera_calibration.md,3,1,1
431,43,### How to use generic camera models in your application ###,https://github.com/puzzlepaint/camera_calibration,puzzlepaint.camera_calibration.md,3,1,1
432,43,### Reference on calibration report visualizations ###,https://github.com/puzzlepaint/camera_calibration,puzzlepaint.camera_calibration.md,3,0,0
433,44,# [Sage](https://roots.io/sage/),https://github.com/releaz/sage,releaz.sage.md,1,0,0
434,44,## Features,https://github.com/releaz/sage,releaz.sage.md,2,0,0
435,44,## Requirements,https://github.com/releaz/sage,releaz.sage.md,2,1,1
436,44,## Theme installation,https://github.com/releaz/sage,releaz.sage.md,2,1,1
437,44,## Theme structure,https://github.com/releaz/sage,releaz.sage.md,2,1,0
438,44,## Theme setup,https://github.com/releaz/sage,releaz.sage.md,2,1,1
439,44,## Theme development,https://github.com/releaz/sage,releaz.sage.md,2,1,1
440,44,### Install dependencies,https://github.com/releaz/sage,releaz.sage.md,3,1,1
441,44,### Build commands,https://github.com/releaz/sage,releaz.sage.md,3,1,1
442,44,#### Additional commands,https://github.com/releaz/sage,releaz.sage.md,4,1,1
443,44,### Using BrowserSync,https://github.com/releaz/sage,releaz.sage.md,3,1,1
444,44,## Documentation,https://github.com/releaz/sage,releaz.sage.md,2,0,0
445,44,## Contributing,https://github.com/releaz/sage,releaz.sage.md,2,0,0
446,44,## Community,https://github.com/releaz/sage,releaz.sage.md,2,0,0
447,45,# Deep Learning for 3D Point Cloud Understanding: A Survey,https://github.com/SHI-Labs/3D-Point-Cloud-Learning,SHI-Labs.3D-Point-Cloud-Learning.md,1,0,0
448,45,## Content,https://github.com/SHI-Labs/3D-Point-Cloud-Learning,SHI-Labs.3D-Point-Cloud-Learning.md,2,0,0
449,45,## Datasets,https://github.com/SHI-Labs/3D-Point-Cloud-Learning,SHI-Labs.3D-Point-Cloud-Learning.md,2,0,0
450,45,## Metrics,https://github.com/SHI-Labs/3D-Point-Cloud-Learning,SHI-Labs.3D-Point-Cloud-Learning.md,2,0,0
451,45,## Papers (up to ECCV 2020),https://github.com/SHI-Labs/3D-Point-Cloud-Learning,SHI-Labs.3D-Point-Cloud-Learning.md,2,0,0
452,45,### 3D Object Classification,https://github.com/SHI-Labs/3D-Point-Cloud-Learning,SHI-Labs.3D-Point-Cloud-Learning.md,3,0,0
453,45,#### Projection-based classification,https://github.com/SHI-Labs/3D-Point-Cloud-Learning,SHI-Labs.3D-Point-Cloud-Learning.md,4,0,0
454,45,#### Point-based classification,https://github.com/SHI-Labs/3D-Point-Cloud-Learning,SHI-Labs.3D-Point-Cloud-Learning.md,4,0,0
455,45,### 3D Segmentation,https://github.com/SHI-Labs/3D-Point-Cloud-Learning,SHI-Labs.3D-Point-Cloud-Learning.md,3,0,0
456,45,#### Semantic segmentation,https://github.com/SHI-Labs/3D-Point-Cloud-Learning,SHI-Labs.3D-Point-Cloud-Learning.md,4,0,0
457,45,#### Instance segmentation,https://github.com/SHI-Labs/3D-Point-Cloud-Learning,SHI-Labs.3D-Point-Cloud-Learning.md,4,0,0
458,45,#### Joint training,https://github.com/SHI-Labs/3D-Point-Cloud-Learning,SHI-Labs.3D-Point-Cloud-Learning.md,4,0,0
459,45,### 3D Object Detection,https://github.com/SHI-Labs/3D-Point-Cloud-Learning,SHI-Labs.3D-Point-Cloud-Learning.md,3,0,0
460,45,#### Projection-based detection,https://github.com/SHI-Labs/3D-Point-Cloud-Learning,SHI-Labs.3D-Point-Cloud-Learning.md,4,0,0
461,45,#### Point-based detection,https://github.com/SHI-Labs/3D-Point-Cloud-Learning,SHI-Labs.3D-Point-Cloud-Learning.md,4,0,0
462,45,#### Multi-view fusion,https://github.com/SHI-Labs/3D-Point-Cloud-Learning,SHI-Labs.3D-Point-Cloud-Learning.md,4,0,0
463,45,### 3D Object Tracking,https://github.com/SHI-Labs/3D-Point-Cloud-Learning,SHI-Labs.3D-Point-Cloud-Learning.md,3,0,0
464,45,### 3D Scene Flow Estimation,https://github.com/SHI-Labs/3D-Point-Cloud-Learning,SHI-Labs.3D-Point-Cloud-Learning.md,3,0,0
465,45,### 3D Point Registration and Matching,https://github.com/SHI-Labs/3D-Point-Cloud-Learning,SHI-Labs.3D-Point-Cloud-Learning.md,3,0,0
466,45,### Point Cloud Augmentation and Completion,https://github.com/SHI-Labs/3D-Point-Cloud-Learning,SHI-Labs.3D-Point-Cloud-Learning.md,3,0,0
467,45,#### Discriminative methods,https://github.com/SHI-Labs/3D-Point-Cloud-Learning,SHI-Labs.3D-Point-Cloud-Learning.md,4,0,0
468,45,#### Generative methods,https://github.com/SHI-Labs/3D-Point-Cloud-Learning,SHI-Labs.3D-Point-Cloud-Learning.md,4,0,0
469,46,# libfacedetection,https://github.com/ShiqiYu/libfacedetection,ShiqiYu.libfacedetection.md,1,0,0
470,46,## How to use the code,https://github.com/ShiqiYu/libfacedetection,ShiqiYu.libfacedetection.md,2,1,1
471,46,## CNN-based Face Detection on Windows,https://github.com/ShiqiYu/libfacedetection,ShiqiYu.libfacedetection.md,2,0,1
472,46,## CNN-based Face Detection on ARM Linux (Raspberry Pi 3 B+),https://github.com/ShiqiYu/libfacedetection,ShiqiYu.libfacedetection.md,2,0,1
473,46,## Performance on WIDER Face,https://github.com/ShiqiYu/libfacedetection,ShiqiYu.libfacedetection.md,2,0,1
474,46,## Author,https://github.com/ShiqiYu/libfacedetection,ShiqiYu.libfacedetection.md,2,0,0
475,46,## Contributors,https://github.com/ShiqiYu/libfacedetection,ShiqiYu.libfacedetection.md,2,0,0
476,46,## Acknowledgment,https://github.com/ShiqiYu/libfacedetection,ShiqiYu.libfacedetection.md,2,0,0
477,46,## Citation,https://github.com/ShiqiYu/libfacedetection,ShiqiYu.libfacedetection.md,2,0,0
478,47,# Forest fire detection using CNN,https://github.com/Skar0/fire-detection,Skar0.fire-detection.md,1,0,0
479,47,## Datasets,https://github.com/Skar0/fire-detection,Skar0.fire-detection.md,2,0,0
480,47,#### Provided dataset,https://github.com/Skar0/fire-detection,Skar0.fire-detection.md,4,0,0
481,47,#### Augmenting the dataset,https://github.com/Skar0/fire-detection,Skar0.fire-detection.md,4,0,0
482,47,## Project structure,https://github.com/Skar0/fire-detection,Skar0.fire-detection.md,2,0,0
483,47,## Usage,https://github.com/Skar0/fire-detection,Skar0.fire-detection.md,2,1,1
484,47,#### Requirements:,https://github.com/Skar0/fire-detection,Skar0.fire-detection.md,4,1,1
485,47,#### Launcher,https://github.com/Skar0/fire-detection,Skar0.fire-detection.md,4,1,1
486,47,##### Training,https://github.com/Skar0/fire-detection,Skar0.fire-detection.md,5,1,1
487,47,##### Fine tuning,https://github.com/Skar0/fire-detection,Skar0.fire-detection.md,5,1,1
488,47,##### Perform a prediction,https://github.com/Skar0/fire-detection,Skar0.fire-detection.md,5,1,1
489,47,##### Extract difficult examples,https://github.com/Skar0/fire-detection,Skar0.fire-detection.md,5,1,1
490,47,##### Metrics on a test set,https://github.com/Skar0/fire-detection,Skar0.fire-detection.md,5,1,1
491,47,##### Video annotation,https://github.com/Skar0/fire-detection,Skar0.fire-detection.md,5,1,1
492,47,## Results,https://github.com/Skar0/fire-detection,Skar0.fire-detection.md,2,0,0
493,47,#### Trained model file,https://github.com/Skar0/fire-detection,Skar0.fire-detection.md,4,0,0
494,47,#### Performance,https://github.com/Skar0/fire-detection,Skar0.fire-detection.md,4,0,0
495,47,#### Video examples,https://github.com/Skar0/fire-detection,Skar0.fire-detection.md,4,0,0
496,48,# Tampermonkey Scripts Collection,https://github.com/zachhardesty7/tamper-monkey-scripts-collection,zachhardesty7.tamper-monkey-scripts-collection.md,1,0,0
497,48,## Description,https://github.com/zachhardesty7/tamper-monkey-scripts-collection,zachhardesty7.tamper-monkey-scripts-collection.md,2,0,0
498,48,## Getting Started,https://github.com/zachhardesty7/tamper-monkey-scripts-collection,zachhardesty7.tamper-monkey-scripts-collection.md,2,1,0
499,48,### Dependencies,https://github.com/zachhardesty7/tamper-monkey-scripts-collection,zachhardesty7.tamper-monkey-scripts-collection.md,3,1,1
500,48,### Installation,https://github.com/zachhardesty7/tamper-monkey-scripts-collection,zachhardesty7.tamper-monkey-scripts-collection.md,3,1,1
501,48,### Execution,https://github.com/zachhardesty7/tamper-monkey-scripts-collection,zachhardesty7.tamper-monkey-scripts-collection.md,3,1,1
502,48,## Usage,https://github.com/zachhardesty7/tamper-monkey-scripts-collection,zachhardesty7.tamper-monkey-scripts-collection.md,2,1,1
503,48,## Known Issues,https://github.com/zachhardesty7/tamper-monkey-scripts-collection,zachhardesty7.tamper-monkey-scripts-collection.md,2,1,1
504,48,## Contributing,https://github.com/zachhardesty7/tamper-monkey-scripts-collection,zachhardesty7.tamper-monkey-scripts-collection.md,2,0,0
505,48,## License,https://github.com/zachhardesty7/tamper-monkey-scripts-collection,zachhardesty7.tamper-monkey-scripts-collection.md,2,0,0
506,48,## Acknowledgements,https://github.com/zachhardesty7/tamper-monkey-scripts-collection,zachhardesty7.tamper-monkey-scripts-collection.md,2,0,0
